batch_id,layer,load_type,status,rows_read,rows_inserted,started_at
20261007T204940Z-bf2c7c76,Raw-to-Bronze,FULL,SUCCESS,10,10,2026-10-07T20:49:47.879+00:00
20261007T205300Z-1e632420,Raw-to-Bronze,FULL,SUCCESS,10,10,2026-10-07T20:53:02.100+00:00
20261008T132109Z-0aec8607,Raw-to-Bronze,FULL,SUCCESS,10,10,2026-10-08T13:21:17.748+00:00
20261008T132310Z-5390fd87,Raw-to-Bronze,INCREMENTAL,FAILURE,0,0,2026-10-08T13:23:11.860+00:00
20261008T135740Z-1fe0c6bb,Raw-to-Bronze,FULL,SUCCESS,10,10,2026-10-08T13:57:42.390+00:00
20261008T133135Z-a693bbde,Raw-to-Bronze,INCREMENTAL,SUCCESS,862,862,2026-10-08T13:58:38.628+00:00
20261008T133347Z-a8a9241c,Raw-to-Bronze,BACKFILL,SUCCESS,708,708,2026-10-08T14:09:41.356+00:00
20261008T142424Z-384958d6,Raw-to-Bronze,FULL,FAILURE,0,0,2026-10-08T14:24:28.314+00:00
20261008T133204Z-097ea6cd,Raw-to-Bronze,FULL,SUCCESS,1734,1734,2026-10-08T14:24:55.315+00:00
